[
{
	"material_file_name":"FA2K_MCB_1H.MXF",
	"material_file_size": "33403893004",
	"material_file_md5": "",
	"management_type": "CM",
	"material_title": "CM素材 C",
	"project_title": "CM A",
	"subproject_title": "CM種類 C",
	"show_in": "",
	"movie_length": "",
	"remark": "素材自動登録",
	"audio_mode": "4ch(デュアルステレオ)",
	"product_color": "",
	"screen_size": "",
	"frame_rate": "",
	"resolution": "",
	"closed_captioning": "",
	"audio_type": "",
	"CMMaterialCode": "",
	"Category": [ 
		],
	"Keyword": [ 
		],
	"meta_item":{
	}
}
]
