[
{
	"material_file_name":"CM15s.MXF",
	"material_file_size": "127033416",
	"material_file_md5": "",
	"management_type": "番組",
	"material_title": "CM素材 B",
	"project_title": "CM A",
	"subproject_title": "CM種類 B",
	"show_in": "",
	"movie_length": "",
	"remark": "素材自動登録",
	"audio_mode": "4ch(デュアルステレオ)",
	"product_color": "",
	"screen_size": "",
	"frame_rate": "",
	"resolution": "",
	"closed_captioning": "",
	"audio_type": "",
	"meta_item":{
		"素材番組": ""
	}

}
]
