[
{
	"material_file_name":"素材登録指示ファイル作成ツール.xlsm",
	"material_file_size": "83787",
	"material_file_md5": "",
	"management_type": "番組",
	"material_title": "素材タイトル",
	"project_title": "登録先番組 or CM タイトル",
	"subproject_title": "登録先サブタイトル",
	"show_in": "",
	"movie_length": "",
	"remark": "",
	"audio_mode": "",
	"product_color": "",
	"screen_size": "",
	"frame_rate": "",
	"resolution": "",
	"closed_captioning": "",
	"audio_type": "",
	"meta_item":{
		"番組メタ１": "",
		"番組メタ２": "",
		"番組メタ３": ""
	}

}
]
